<?xml version="1.0" encoding="UTF-8"?>
<project xmlns="http://maven.apache.org/POM/4.0.0" xmlns:xsi="http://www.w3.org/2001/XMLSchema-instance" xsi:schemaLocation="http://maven.apache.org/POM/4.0.0 http://maven.apache.org/maven-v4_0_0.xsd">
  <modelVersion>4.0.0</modelVersion>
  <groupId>com.inal12</groupId>
  <artifactId>LicenseSystem</artifactId>
  <version>1.0.0</version>
  <build>
    <plugins>
      <plugin>
        <groupId>com.github.wvengen</groupId>
        <artifactId>proguard-maven-plugin</artifactId>
        <version>2.6.0</version>
        <executions>
          <execution>
            <phase>package</phase>
            <goals>
              <goal>proguard</goal>
            </goals>
          </execution>
        </executions>
        <configuration>
          <obfuscate>true</obfuscate>
          <injar>${project.build.finalName}.jar</injar>
          <outjar>${project.build.finalName}-protected.jar</outjar>
          <options>
            <option>-keep public class com.inal12.license.LicensePlugin { public *; }</option>
            <option>-dontwarn org.bukkit.**</option>
            <option>-dontnote org.bukkit.**</option>
            <option>-keep class org.bukkit.** { *; }</option>
          </options>
          <libs>
            <lib>${java.home}/lib/rt.jar</lib>
          </libs>
        </configuration>
      </plugin>
      <plugin>
        <artifactId>maven-shade-plugin</artifactId>
        <version>3.5.0</version>
        <executions>
          <execution>
            <phase>package</phase>
            <goals>
              <goal>shade</goal>
            </goals>
          </execution>
        </executions>
      </plugin>
    </plugins>
  </build>
  <repositories>
    <repository>
      <id>spigot-repo</id>
      <url>https://hub.spigotmc.org/nexus/content/repositories/snapshots/</url>
    </repository>
  </repositories>
  <dependencies>
    <dependency>
      <groupId>org.spigotmc</groupId>
      <artifactId>spigot-api</artifactId>
      <version>1.20.1-R0.1-SNAPSHOT</version>
      <scope>provided</scope>
    </dependency>
  </dependencies>
  <properties>
    <project.build.sourceEncoding>UTF-8</project.build.sourceEncoding>
    <maven.compiler.source>1.8</maven.compiler.source>
    <maven.compiler.target>1.8</maven.compiler.target>
  </properties>
</project>
